type,argument
偷税漏税,阿湖乡
盈利能力下降,Shopee
高层变更,花去哪儿
行业排名下降,江苏
资金紧张,海南自由贸易港
更换基金经理,南方基金管理股份有限公司
更换基金经理,苏州欧圣电气股份有限公司
盈利能力下降,零跑汽车
高层变更,默茨
网站安全漏洞,华为
偷税漏税,榴莲
盈利能力下降,里士满联储
关闭分支机构,空中客车直升机
高层变更,新华社圣保罗
网站安全漏洞,iP#13
高层变更,小米汽车
高层失联/死亡,澳门赌业
资金紧张,中证1000
公司停牌,中国恒大
行业排名下降,深圳
高层变更,金山银山
业务/资产重组,商业航天
产品虚假宣传,平安建设
资金紧张,Visa
限制业务范围,江苏锦鸡实业股份有限公司
高层变更,力帆科技
限制业务范围,北京市小客车
股东利益斗争,南方觉醒
高层变更,天合光能
高层变更,中国式现代化
盈利能力下降,海科融通
资金紧张,百大集团
高层变更,特变电工
限制股东权利,全球南方
行业排名下降,东莞壹加壹
网站安全漏洞,深圳地铁
业务/资产重组,玉溪县舍块乡
高层变更,新华乡
资金紧张,未来
吊销资质牌照,双11
限制业务范围,大屏幕
出具虚假证明,拼凑
出具虚假证明,苏-57
自然灾害,西气东输
监管入驻,天猫
经营激进,伊朗
重大安全事故,俄空天军
业务/资产重组,合成生物学
裁员,纽约联邦储备银行
停产停业,创新驱动
偷税漏税,光刻机
关闭分支机构,中材科技股份有限公司
业务/资产重组,未来
责令改正,国能神皖（灵璧）新能源发展有限公司
高层变更,未来
高层变更,中国十五冶
高层变更,山东鹏泉酿酒有限公司
高层变更,黄山一品有机茶业有限公司
高层变更,沙特未来城市
重大债务到期,拉夫劳伦
盈利能力下降,蔚来
高层变更,南极光
高层变更,中创物流
出具虚假证明,快捷通道
高层变更,美联
重大债务到期,特斯拉
经营亏损,蔚来
网站安全漏洞,天津超算
高层变更,天津电信
高层变更,招商蛇口
高层变更,佰仁医疗
重大安全事故,四川有明特维机电设备有限公司
监管入驻,成都造”人形机器人科技有限公司
总部被警方调查,金牛大道
外部信用评级下调,Hims＆HerHealth
资金紧张,神行
网站安全漏洞,天河
高层变更,建邺新消费直播大赛
高层变更,北大西洋公约组织(NATO)
资金紧张,沈阳市宿豫区曹集乡
网站安全漏洞,民航物流
网站安全漏洞,极空间
出具虚假证明,中国邮政集团有限公司
网站安全漏洞,红军
债务展期,旭辉集团股份有限公司
履行连带担保责任,利盈环保
盈利能力下降,俄罗斯
高层涉嫌违法,农夫山泉
高层变更,广汽集团
债务展期,广汽集团
网站安全漏洞,百度
网站安全漏洞,Neo10
高层变更,巴西
高层变更,桐乡市
行业排名下降,广州国际航空货运枢纽
关闭分支机构,众行致远
监管入驻,丽春航空动力产业园
自然灾害,仙桃国际大数据谷
偷税漏税,大油大盐
业务/资产重组,长沙市南雅中学
网站安全漏洞,中国“天河
资金紧张,华泰柏瑞基金
关闭分支机构,粤港澳大湾区文化产业投资大会
债务展期,天津保税区投资控股集团有限公司
业务/资产重组,企展控股
债务展期,金融街控股股份有限公司
重大债务到期,北京汽车集团有限公司
股票发行失败,绿云软件
高层变更,上海朋邦实业有限公司
偿付能力不足,中国中车投资
高层变更,盐常宿淮
资金紧张,金风科技
网站安全漏洞,东方风电
高层变更,伊利集团
网站安全漏洞,壹连科技
重大安全事故,中国一冶
资金紧张,清涧县西部粮仓农业发展有限责任公司
网站安全漏洞,巴哈马
高层变更,华兴源创
公司注销,中国外运
高层变更,奥运
高层变更,俄乌
外部信用评级下调,京东健康
总部被警方调查,莎拉
基层员工流失,浙江
高层变更,武当山水饮料
高层变更,湖南红太阳新能源科技有限公司
高层变更,穆尔电子元器件(上海)有限公司
高层变更,江西铜业
高层变更,东方明珠
总部被警方调查,电信网络
盈利能力下降,美国
监管入驻,腾讯
盈利能力下降,证券期货
实际控制人涉诉仲裁,嘉悦物产
网站安全漏洞,小米
网站安全漏洞,荣耀手机
财务信息造假,华盛顿
高层变更,波兰央行
经营亏损,汉国置业
高层变更,云南现代化建设
业务/资产重组,江苏冠全食品有限公司
总部被警方调查,同花顺财经
偿付能力不足,常熟经开区
财务信息造假,浙江华睿盛银创业投资有限公司
责令改正,鼓楼吾悦
吊销资质牌照,沐瞳科技
网站安全漏洞,华为
外部信用评级下调,groupinc
高层变更,新华社
盈利能力下降,博士
关闭分支机构,永顺县王村
责令改正,上瑞资产
公司注销,招商公路
高层变更,俄罗斯
资金紧张,长城基金
经营激进,友山基金
高层变更,东方红资产管理有限公司
资金紧张,多普勒
资金紧张,华安基金
盈利能力下降,美国
自然灾害,首尔
股东利益斗争,黄喉貂
业务/资产重组,新皂镇
裁员,眉山药科职业学院
资金紧张,赛诺菲
高层变更,成都中医药创新港管委会
网站安全漏洞,以色列
高层失联/死亡,巴以
偷税漏税,墨西哥
财务信息造假,周大福
盈利能力下降,新西兰央行
高层变更,宝龙商业
盈利能力下降,温彬
债务展期,尼尔森
关闭分支机构,
偷税漏税,江西省赣州国际陆港
出具虚假证明,日本航空
高层变更,甘肃亚兰药业集团
经营期限到期,山东金宇通用航空有限公司
网站安全漏洞,Coinbase
产品虚假宣传,江苏肯帝亚
监管入驻,普梯村
自然灾害,张家口市崇礼区
网站安全漏洞,扎波罗热
被列为失信被执行人,花旗
被列为失信被执行人,花旗银行
监管入驻,中国国际进口博览会
出具虚假证明,苹果
网站安全漏洞,海量资讯
高层变更,上海正
业务/资产重组,沪深港通
基层员工流失,开源证券
偷税漏税,蓉城之秋
高层变更,国联集团
高层变更,开源鸿蒙
盈利能力下降,小米
监管入驻,爱德华
盈利能力下降,中航证券
盈利能力下降,南京市场
高层变更,云南省生育友好
盈利能力下降,华润集团
资金紧张,智能
高层变更,德国商业银行
资金紧张,数字人民币
总部被警方调查,市人大
自然灾害,福州天气
外部信用评级下调,海纳国际集团
外部信用评级下调,海纳国际集团
外部信用评级下调,海纳国际集团
外部信用评级下调,海纳国际集团
外部信用评级下调,海纳国际集团
偿付能力不足,西固
资金紧张,未来
外部信用评级下调,海纳国际集团
外部信用评级下调,MRcGlobal
外部信用评级下调,SIthStreetSpecialty
网站安全漏洞,扎波罗热
高层变更,中美关系
股东利益斗争,海航
评级机构中止评级,金建
高层变更,俄美
欠薪,coherent
高层变更,希迪智驾（湖南）股份有限公司
高层失联/死亡,方正阀门
监管入驻,北川宏吉永盛特色食品医药产业园
偿付能力不足,智慧车棚
重大安全事故,长春一汽
行业排名下降,阳江市
业务/资产重组,大祥区
资金紧张,小鹏
高层变更,特朗普
出具虚假证明,宝洁
偿付能力不足,郴州马拉松
自然灾害,马拉松
盈利能力下降,智库
高层变更,南宁市清廉家庭建设专责小组
限制业务范围,海军联邦信用社
网站安全漏洞,ST兽争霸
网站安全漏洞,Ben
出具虚假证明,金域医学
业务/资产重组,九州通
网站安全漏洞,重庆港
资金紧张,传祺
履行连带担保责任,中原再担保集团
限制股东权利,苏商港口物流有限公司
高层变更,十五运会
资金紧张,数智时代
盗取隐私信息,中国农业银行股份有限公司
高层失联/死亡,宝山精卫
高层涉嫌违法,中国建设银行深圳市分行
偿付能力不足,山东远洋海运集团
偿付能力不足,中铁化天然气分公司
偿付能力不足,中交一航局
高层变更,大邑商杯
外部信用评级下调,满帮
外部信用评级下调,奇富科技股份有限公司
外部信用评级下调,高盛
总部被警方调查,长沙星沙新奥燃气有限公司
高层变更,小米
裁员,四川博捷体育文化传播有限公司
业务/资产重组,贵州百思特新能源材料有限公司
业务/资产重组,拼多多
高层变更,新疆环球港酒店
外部信用评级下调,HelMehPayne
偷税漏税,优酷
股东利益斗争,泰森
债务违约,柔宇科技
高层变更,中国国际气候影视大会
偷税漏税,北京市适用
重大债务到期,大连
高层变更,九三学社
盈利能力下降,胜科纳米
重大资产损失,康康
高层变更,广东科技学院
网站安全漏洞,百度
网站安全漏洞,腾讯元宝
行业排名下降,小米汽车
高层变更,美洲狮
股东利益斗争,湖南男排
裁员,俄罗斯天然气工业银行
被列为失信被执行人,吉林省白城师范学院
资金紧张,胖东来
高层变更,通用技术新材
资金紧张,长征精神
监管入驻,永年区紧固件产业集群
高层变更,大朗镇
行业排名下降,全国生物医药
高层变更,古特雷斯
监管入驻,长安汽车
出具虚假证明,花钱住宿
自然灾害,首钢园
出具虚假证明,vivo
监管入驻,Redmi
被接管,四川天府新区
自然灾害,渝州生物群
资金紧张,美国
资金紧张,高盛
资金紧张,直播
资金紧张,意大利
重大安全事故,宜兴无锡工艺职业技术学院
业务/资产重组,兰州高乐康
吊销资质牌照,专克
重大安全事故,成都南门
总部被警方调查,无锡工艺职业技术学院
高层变更,格鲁吉亚
高层变更,平安茂名建设
监管入驻,中华茶博苑
产品虚假宣传,武夷山水
总部被警方调查,无锡宜兴县
高层变更,我
高层变更,洋葱
监管入驻,昌宁镇
总部被警方调查,宜兴无锡工艺职业技术学院
网站安全漏洞,小米汽车
总部被警方调查,宠物
债务展期,中山大学哲学系
重大安全事故,激情全运会
监管入驻,未来
自然灾害,天兔”
高层变更,瑞士苏黎世理工大学
高层变更,王冬龄
总部被警方调查,大立菊
重大安全事故,中山大学
债务展期,亚美尼亚
吊销资质牌照,未来
网站安全漏洞,vivo
高层变更,特斯拉
外部信用评级下调,阿特斯
高层变更,中国华电工程(集团)有限公司海外分公司
高层变更,金杯汽车股份有限公司
财务报表更正,百草堂
高层变更,哈尔滨龙江客运快件有限公司
网站安全漏洞,三峡能源风力发电机组
自然灾害,山西食醋
关闭分支机构,金银铜牌
裁员,新就业形态
高层变更,二十国集团
实际控制人变更,浙江哈尔斯真空器皿股份有限公司
网站安全漏洞,搜狐
高层变更,二十国集团
监管入驻,健瑞儿
重大安全事故,定昌镇
高层失联/死亡,打鼓岭李屋新村
总部被警方调查,无锡工艺职业技术学院
产品虚假宣传,茂名市
监管入驻,中国蜂群
资金紧张,鑫通顺客运
总部被警方调查,广州荔湾
股东利益斗争,伊朗
业务/资产重组,哈尔斯
高层变更,吉林新天龙
偷税漏税,大国光伏
外部信用评级下调,阿特斯
股东利益斗争,伊朗
高层变更,海口湾
员工罢工示威,风华崖州
资金紧张,山东威海完工交付
资金紧张,巴拿马型
业务/资产重组,中远海运重工
高层变更,大众报业集团
出具虚假证明,小米汽车
业务/资产重组,鼎捷数智
盈利能力下降,韵达
网站安全漏洞,联想
资金紧张,清华大学
网站安全漏洞,小米汽车
外部信用评级下调,石基信息
高层变更,海能技术
出具虚假证明,骑电动
资金紧张,特朗普
网站安全漏洞,神舟十八号
资金紧张,未来
监管入驻,苹果
偿付能力不足,瑞生园
出具虚假证明,永成牌玉米铺膜播种机
责令改正,领航
更换基金经理,乐观
监管入驻,创业基金
关闭分支机构,苹果
外部信用评级下调,林德气体
监管入驻,吉登运动服
高层变更,昌平
监管入驻,相城高新区
重大资产损失,连城数控
财务信息造假,宁德时代
股东利益斗争,Wtt法兰克福
更换基金经理,华宝医疗
行业排名下降,金曲盛典
资金紧张,国网福建省电力有限公司
盈利能力下降,比亚迪
高层变更,萍乡市
自然灾害,江苏东部
网站安全漏洞,江海号
盈利能力下降,东吴证券
盈利能力下降,西南证券
盈利能力下降,古5
盈利能力下降,东吴证券
盈利能力下降,玻汾
重大安全事故,黑龙江黑河
出具虚假证明,小米汽车
资金紧张,小米
延期信息披露,Open#
吊销资质牌照,小米
外部信用评级下调,加拿大蒙特利尔银行
外部信用评级下调,CMS
高层变更,cenovus能源
外部信用评级下调,Veren
网站安全漏洞,俄空天军
股票发行失败,北京人艺
盈利能力下降,双环传动
资产冻结,克里米亚
资金紧张,墨西哥
高层变更,宝龙商业
公司注销,招商蛇口
公司注销,亚泰集团
公司注销,科达制造
盈利能力下降,
盈利能力下降,哈吉斯
盈利能力下降,东吴证券
出具虚假证明,爱沙尼亚弗兰肯堡技术公司
盈利能力下降,马士基
更换基金经理,湖南省金芙蓉投资基金
重大安全事故,东丽（中国）投资有限公司
网站安全漏洞,米哈游
网站安全漏洞,OnePMe飞行家
关闭分支机构,腾势汽车
偷税漏税,天津老甲A队
网站安全漏洞,苹果
经营亏损,英皇国际
误操作,江苏张家港农村商业银行股份有限公司
总部被警方调查,新都消防
高层变更,创投成渝
监管入驻,成都传媒集团
出具虚假证明,爱沙尼亚弗兰肯堡技术公司
高层变更,江苏省
盈利能力下降,vivo
外部信用评级下调,CloudSolns
外部信用评级下调,##onElectric
高层变更,信融
实际控制人涉诉仲裁,华峰化学
盈利能力下降,思泰克
网站安全漏洞,苹果
产品虚假宣传,宜春市袁州区秀江街道潭前社区
总部被警方调查,南昌市新建区第一小学
偿付能力不足,长安汽车
网站安全漏洞,玄影版
网站安全漏洞,领克
资金紧张,康明斯公司
偿付能力不足,上汽大通
偷税漏税,航空运输电子
经营激进,方程豹汽车
高层变更,捷途汽车
监管入驻,宝骏汽车
偿付能力不足,比亚迪
盈利能力下降,俄罗斯
重大债务到期,保利发展
澄清辟谣,越秀交通基建有限公司
高层变更,海尔
网站安全漏洞,捷达
网站安全漏洞,捷途旅行者
高层变更,腾腾
网站安全漏洞,苏醒
行业排名下降,斯丹曼簇
网站安全漏洞,星海音乐厅
出具虚假证明,曼德雷庄园
网站安全漏洞,万妮达
出具虚假证明,中国汽车工程研究院股份有限公司
高层变更,清新环境
高层变更,国家能源集团
资金紧张,密歇根大学
高层变更,中国电子科技
股票发行失败,特瑞普利单抗
高层变更,重庆银行
网站安全漏洞,小米
出具虚假证明,村支书
停产停业,石阡县龙川河泉水鱼
限制业务范围,挪用基金
实际控制人变更,招商蛇口
网站安全漏洞,工业互联网
盈利能力下降,先导智能
盈利能力下降,开源证券股份有限公司
网站安全漏洞,小米
高层变更,功夫小子
偷税漏税,京东
网站安全漏洞,vivo
高层变更,奥依托格拉克乡万花园
盈利能力下降,邮储银行
审计师辞任,Supermicro
自然灾害,高速铁路
监管入驻,柳州
出具虚假证明,通江达海
经营亏损,头部药店
盈利能力下降,四川长虹
公司停牌,佛塑科技
经营亏损,寒武纪
盈利能力下降,用友网络
自然灾害,西班牙
盈利能力下降,星巴克
资金紧张,紫云云
吊销资质牌照,屯堡美食
盈利能力下降,微软
监管入驻,福建省尚飞制衣有限公司
高层变更,江西普元药业
资金紧张,江苏传媒(中国江苏网)
高层变更,华为
偿付能力不足,新能源城市公交车
偿付能力不足,盘锦客运公交
高层变更,宇通客车
外部信用评级下调,建筑材料
资金紧张,Altair
盈利能力下降,
盈利能力下降,山西证券
盈利能力下降,斯搏兹
经营亏损,聚醚胺
盈利能力下降,我们
股权融资失败,博时基金
盈利能力下降,
盈利能力下降,德尔玛
盈利能力下降,西南证券
盈利能力下降,数云
盈利能力下降,
盈利能力下降,白石湖煤矿
经营激进,hugroup
外部信用评级下调,XPO
资金紧张,中船双瑞
盈利能力下降,上证50
违规催收,中信银行
资金紧张,智慧新蓝鲸
网站安全漏洞,商汤
高层变更,福建省海洋
高层变更,锦绣中华
网站安全漏洞,大朋VR
高层变更,圳市慧天夏人工智能和工业互联网研究院
资金紧张,深圳
高层变更,山东
自然灾害,龙江
业务/资产重组,华为
资金紧张,ETF
经营亏损,曹操出行
偿付能力不足,硅宝科技
网站安全漏洞,腾讯
高层变更,安顺
高层变更,
监管入驻,中国平安
监管入驻,惠州平潭机场
经营亏损,双汇国际
监管入驻,维信金科
监管入驻,苹果
财务信息造假,浦口文旅集团
监管入驻,泓博医药
网站安全漏洞,一机集团十分公司
资金紧张,内蒙古创新
监管入驻,屯堡
监管入驻,甘肃水投集团
网站安全漏洞,载人龙飞船
网站安全漏洞,鸡
经营激进,中交集团
破产清算,盘锦精细化工产业开发区
停产停业,兴发集团
财务报表更正,星期日
业务/资产重组,安德玛
盈利能力下降,阿里巴巴
偿付能力不足,创新
网站安全漏洞,第聂伯罗市
高层变更,广府文化
业务/资产重组,乐动舞界
行业排名下降,傲基
网站安全漏洞,小米
破产清算,未来
高层变更,智利
出具虚假证明,新疆金土地农资连锁有限公司
高层变更,中巴音乐
高层变更,巴西旗手传媒集团
高层变更,二十国集团
企业被问询约谈审查,烟草
偷税漏税,中海航运
重大安全事故,三福船舶工程有限公司
盈利能力下降,HM
盈利能力下降,Fong
出具虚假证明,三星重工
出具虚假证明,广船国际
盈利能力下降,Fincantiergy
资金紧张,福田
监管入驻,黑龙江
监管入驻,双11
偿付能力不足,One
网站安全漏洞,中国船舶集团
高层变更,中船发动机
高层变更,福建船政
偿付能力不足,Purete#
偿付能力不足,中船动力集团
资金紧张,广生堂
高层变更,引力传媒
吊销资质牌照,##ganP-1药物
大量投诉,江西省烟草专卖局
高层变更,北京人艺
重大债务到期,水果
出具虚假证明,紫金矿业
高层变更,Cine#
资金紧张,GA业银行
资金紧张,湖南新能源产业链
更换基金经理,富国汇
股权融资失败,保护基金
债务重组,天合光能
高层变更,特朗普
实际控制人涉诉仲裁,广州凯达尔广场
盈利能力下降,保利置业
高层变更,中国电影集团公司
高层变更,利源股份
履行连带担保责任,湖北和远新材料有限公司
高层变更,进博会
高层变更,华为
外部信用评级下调,FiveBelow
外部信用评级下调,高力国际集团有限公司
外部信用评级下调,osHealth
盈利能力下降,医思健康
盈利能力下降,保利置业集团
股权查封,大蓝
自然灾害,湖南乐享智能科技有限公司
重大债务到期,小鹏汇天
高层变更,红叶柿岩景区
重大安全事故,济滨高铁
偷税漏税,凤冠
高层变更,广大儿童
自然灾害,金城兰州
重大安全事故,安徽星河动力装备科技有限公司
总部被警方调查,霍山县
自然灾害,安徽六安
破产清算,四川能源化工创新谷
重大债务到期,百特医疗
盈利能力下降,山西证券
盈利能力下降,
盈利能力下降,沈阳
盈利能力下降,开源证券
关闭分支机构,广交会
偿付能力不足,林德气体
总部被警方调查,沈阳
高层变更,四川日报报业集团
网站安全漏洞,飞利浦
高层变更,京东集团
盈利能力下降,澳森钢铁
总部被警方调查,成都郫都公安
吊销业务许可或执照,无锡虹桥医院有限公司
自然灾害,巴士海峡
网站安全漏洞,SAP
总部被警方调查,inYOlisib
股东利益斗争,俄罗斯
盈利能力下降,京东超市
总部被警方调查,和谐平安
重大安全事故,小鹏汇天
公司注销,招商轮船
高层变更,帝奥微
公司注销,抚顺特钢
监管入驻,港澳药械通
关闭分支机构,西子洁能
高层变更,欧姆龙集团
网站安全漏洞,以色列
资金紧张,冰雪运动
网站安全漏洞,天马
网站安全漏洞,华科创智
偿付能力不足,大型工商业
盈利能力下降,民航
重大安全事故,勒沃托比火山
高层变更,吴聪聪
高层变更,贵州红·山水越野挑战赛
吊销资质牌照,箭鹿股份
监管入驻,市国动办
资金紧张,蓝佛安
网站安全漏洞,三星
非法集资,养老机构
资金紧张,中心城市建设
资金紧张,纽仕兰
自然灾害,古巴东南部
总部被警方调查,金立
网站安全漏洞,宜春市救助管理站
网站安全漏洞,比亚迪
自然灾害,御马湾温泉
行业排名下降,关岭黄牛
资金紧张,多彩贵州欢乐购
关闭分支机构,汇绿生态
高层变更,金麒麟
网站安全漏洞,酷睿
资金紧张,贵州茅台
网站安全漏洞,苏-57
总部被警方调查,王都
资金紧张,中证红利
高层变更,SpaceX
重大安全事故,勒沃托比
高层变更,执政联盟
第一大股东变化,有限责任公司
资金紧张,澜沧江
总部被警方调查,外资水务公司
高层变更,九江玻纤厂
偿付能力不足,赛莱默
资金紧张,华进半导体
出具虚假证明,三晟兴”轮
股东利益斗争,博洛尼亚
行业排名下降,法兰克福
高层变更,金麒麟
监管入驻,金麒麟
资金紧张,小马
网站安全漏洞,武功歌
网站安全漏洞,鬼语
信息泄露,锐龙
窃取别人商业机密,江苏
公司注销,振芯科技
偿付能力不足,蓝佛安
股东利益斗争,诺丁汉森林
网站安全漏洞,斯莫迪奇
财务报表更正,迪亚洛
股东利益斗争,紫百合
网站安全漏洞,沙姆
监管入驻,天津市水上公园
高层变更,老津卫（天津）茶业有限公司
重大安全事故,南极科考
行业排名下降,海南东方
监管入驻,海南省职业院校学生技能大赛
澄清辟谣,
网站安全漏洞,昆明艾维眼科医院
偷税漏税,拼多多
盈利能力下降,华昌达
盈利能力下降,汇洁股份
盈利能力下降,达实智能
实际控制人变更,ST九芝
外部信用评级下调,enabaseEnergy
实际控制人涉诉仲裁,福州建工福厝置地有限责任公司
高层变更,福建省
税务非正常户,刚正
总部被警方调查,未来
业务/资产重组,腾讯
资金紧张,安联集团
高层变更,九三学社
出具虚假证明,海关
监管入驻,保加利亚
高层变更,小米
业务/资产重组,伊士曼化学公司
网站安全漏洞,俄军
股东利益斗争,普林斯顿队
资金紧张,金山银山
高层变更,湘西州文化产业园
总部被警方调查,海姆立克
关闭分支机构,巴士
高层变更,星辰在线
高层变更,湖南生物机电职院
总部被警方调查,三轮摩托车
公司停牌,湖南国际会展中心
高层变更,长沙供电公司
资金紧张,豆大
资金紧张,烟花爆竹
盈利能力下降,小米
裁员,福特
高层变更,美国密歇根大学
盈利能力下降,快手
盈利能力下降,华致酒行
资金紧张,鹏鼎控股
监管入驻,滨州建设
高层涉嫌违法,国光股份
重大赔付,山西同德化工（维权）股份有限公司
重大赔付,伟时电子
扰乱市场秩序,未来电厂
撤销任职资格,江西微信
自然灾害,珠江
重大安全事故,赛道体验
实际控制人涉嫌违法,农夫山泉
网站安全漏洞,小米
监管入驻,陶寺
资金紧张,海口
高层变更,Sflake
重大赔付,飞凯材料
重大赔付,古鳌科技
盈利能力下降,a2牛奶
资金紧张,古障镇村
网站安全漏洞,西山科技微创医疗器械产业园
停产停业,中铁四局
出具虚假证明,未来
出具虚假证明,拼多多
高层变更,招商局新疆检测技术研究院有限公司
停产停业,广西龙州曙辉纸业有限公司
资金紧张,茶陶贷
高层变更,意志银行
员工罢工示威,绿皮火车
债务融资失败,天23转债
债务违约,大元转债
债务融资失败,送红股
关闭分支机构,锡特拉
自然灾害,波黑联邦
盈利能力下降,畅通铁路
出具虚假证明,九江市
自然灾害,江都水利
盈利能力下降,寿光恒蔬无疆公司
关闭分支机构,成都东郊记忆
公司退市,上海聆云
行业排名下降,中远海运港
关闭分支机构,荆荆高铁
监管入驻,西门子
监管入驻,新疆民族文化
高层变更,未来
出具虚假证明,龙潭长江大桥
吊销资质牌照,温经汤颗粒
投资亏损,货币基金
监管入驻,富茂
偷税漏税,山西证券
出具虚假证明,五粮液
裁员,俄罗斯
重大安全事故,成都
吊销资质牌照,金宇通用航空有限公司
高层变更,万物云空间科技服务股份有限公司
重大赔付,河南翰卓文化传播有限公司
员工罢工示威,澳门代表团
高层变更,建信易盛能源化工期货
债务展期,上汽大众
公司停牌,龙净转债
重大赔付,平安健康险
资金紧张,修通格斗天堂
出具虚假证明,vivo
监管入驻,托莱西单抗
监管入驻,礼文学校
高层变更,福州理工大学
业务/资产重组,心理梦工厂
重大债务到期,南银法巴消金
监管入驻,大荣片区
停产停业,鞍钢（集团）股份有限公司
高层变更,准能集团
网站安全漏洞,思特威
重大安全事故,广西奶茶
关闭分支机构,英联股份
监管入驻,淘宝
经营期限到期,山东金宇通用航空有限公司
网站安全漏洞,爱马仕
盈利能力下降,宁银理财
资金紧张,三星智能
高层变更,江苏省勘察设计行业协会
欠薪,通路
网站安全漏洞,深圳理工大学
经营激进,云南昆山
业务/资产重组,国铁集团
资金紧张,爱伦电子超级电容
高层变更,上海饲料兽药行业协会
盈利能力下降,优特钢
网站安全漏洞,艾昆纬
高层变更,Rejuvenation
外部信用评级下调,RockPhlemceuticals
外部信用评级下调,icon
破产清算,忠旺集团
更换基金经理,华夏基金
偷税漏税,北京上海
实际控制人涉诉仲裁,连硕科技
扰乱市场秩序,谷歌
裁员,波音
高层变更,中巴中巴
重大安全事故,上海衡拓船舶设备有限公司
盈利能力下降,西南财经大学信托
高层变更,星座品牌公司
出具虚假证明,科帕特公司
外部信用评级下调,沛齐
税务非正常户,安居乐业
高层变更,汉回村
监管入驻,星辰在线
监管入驻,星辰在线
业务/资产重组,全国磷矿石
高层变更,华欧淀粉工业股份有限公司
吊销资质牌照,华财会计集团股份有限公司
监管入驻,扭扭车
网站安全漏洞,盐城国泰君安致远一号股权投资中心
股票发行失败,中证
资金紧张,柔宇科技
盈利能力下降,海澜之家
限制业务范围,浙江荣鑫智能仪表股份有限公司
更换基金经理,威海市天罡仪表股份有限公司
公司注销,安奇汽车
网站安全漏洞,俄
资金紧张,创新
股票发行失败,摩根士丹利
总部被警方调查,醉酒男子
资金紧张,戴姆勒巴士公司
外部信用评级下调,小摩
外部信用评级下调,马拉松石油公司
业务/资产重组,学大教育
高层变更,东北虎
网站安全漏洞,国际空间站
盈利能力下降,加拿大
行业排名下降,三星
高层变更,成都
行业排名下降,成都麦克维斯高性能涂料有限公司
出具虚假证明,中航无人机
资金紧张,开开实业
网站安全漏洞,四川天链机器人股份有限公司
股票发行失败,国足
高层涉嫌违法,阿斯利康
盈利能力下降,同程旅行
股票发行失败,顺康检测
高层变更,浙江新和成股份有限公司
盈利能力下降,蜂巢能源成都基地
高层变更,宝山
行业排名下降,潍坊临沂日照智能农机产业集群
监管入驻,金府五金机电
公司停牌,格里芬
高层变更,黑石集团
连续下跌,英伟达
停产停业,吉庆油田
盈利能力下降,京东
网站安全漏洞,IT之家
高层变更,广州市海心沙亚运公园
偷税漏税,小石头
吊销资质牌照,广府饮茶文化
盈利能力下降,AppPovin
高层变更,中美影视
吊销资质牌照,信都区
高层变更,臭豆腐
股票发行失败,海南东方
盈利能力下降,美联储
高层变更,四川农村商业银行股份有限公司
总部被警方调查,西安
吊销资质牌照,花地
监管入驻,乐高集团
业务/资产重组,亚太大家庭
网站安全漏洞,加沙地带
出具虚假证明,阳明海运
偿付能力不足,天津某公司
高层变更,武医智慧
盈利能力下降,中国二极管
资金紧张,赣江街道马坡岭社区幸福食堂
自然灾害,景德镇
业务/资产重组,韩国造船厂
股东利益斗争,特斯拉
监管入驻,尧山实验室
高层变更,保定
高层变更,创城路演
高层变更,龙潭中湖公园
出具虚假证明,光影音阅汇
网站安全漏洞,苹果
股票发行失败,中国金花
出具虚假证明,新疆南方路桥工程有限责任公司
高层变更,塔里木河
监管入驻,新疆中国国际旅行社有限责任公司
业务/资产重组,和田玉
高层变更,京韵悠扬
资金紧张,马坊物流
盈利能力下降,江南新材
高层变更,瑞典钢铁集团
外部信用评级下调,福建园区
出具虚假证明,新乡市高服机械股份有限公司
高层变更,马士基
实际控制人变更,黄国平
高层变更,金麒麟
高层变更,万达
股东利益斗争,天津队
盈利能力下降,InternationalSeaways
网站安全漏洞,海油发展安全环保公司
出具虚假证明,江门航通船业有限公司
行业排名下降,齐耀环保
高层变更,长荣
高层变更,中国水运报社
吊销资质牌照,B
业务/资产重组,广东中远海运重工
监管入驻,柏峪村
网站安全漏洞,沈家营村中心公园
业务/资产重组,中盛经开区
监管入驻,德普外国语学校
高层变更,未宫精品
高层变更,中俄文化年
资金紧张,丹缘朱砂公司
高层变更,黔农云仓
高层变更,贵州三湘科技有限责任公司
高层变更,英伟达
资金紧张,宝贵财富
资金紧张,乐阳县乡村好青年
高层变更,太湖横泾大米
盈利能力下降,AI
经营亏损,
出具虚假证明,长江新区外国语学校
网站安全漏洞,马尔堡病毒
业务/资产重组,南京宁丹新药技术有限公司
网站安全漏洞,北京臻知医学科技有限责任公司
窃取别人商业机密,南海网
资金紧张,Re18
窃取别人商业机密,醉爱蓝田
行业排名下降,肯尼亚
资金紧张,山能装备
高层变更,vivo
总部被警方调查,乌克兰
高层变更,中新社
网站安全漏洞,纳斯尔
网站安全漏洞,以军
网站安全漏洞,中海上空
网站安全漏洞,EA
盈利能力下降,未来
限制股东权利,股份有限公司
资金紧张,苹果
高层变更,云南卫生健康事业
高层变更,英国
资金紧张,巴勒斯坦民族解放运动
总部被警方调查,中海上空
外部信用评级下调,比亚迪
重大资产损失,伊利股份
重大赔付,日本
高层变更,华为
高层变更,特朗普
盈利能力下降,*ST卓朗
盈利能力下降,齐心集团
盈利能力下降,昱能科技
盈利能力下降,芯原股份
盈利能力下降,清溢光电
盈利能力下降,金陵饭店
盈利能力下降,全筑股份
盈利能力下降,孚能科技
盈利能力下降,长鸿高科
盈利能力下降,佳都科技
经营亏损,恒烁股份
盈利能力下降,爱仕达
盈利能力下降,壹石通
盈利能力下降,八方股份
盈利能力下降,浙江东日
盈利能力下降,中国天楹
盈利能力下降,瑞和股份
盈利能力下降,安阳钢铁
盈利能力下降,天顺风能
盈利能力下降,钧达股份
盈利能力下降,秦川机床
外部信用评级下调,UpHubgroup
外部信用评级下调,Remgmt
高层变更,中投公司
高层变更,中庸
网站安全漏洞,孔子
资金紧张,齐景公
网站安全漏洞,天合国际航空航天博览会
资金紧张,金陵Style浪漫中心
更换基金经理,排排网
网站安全漏洞,Knight-Swift运输控股公司
高层变更,艾仕得涂料系统有限公司
停止批准增设分支机构,schrolEn
高层变更,秘鲁
盈利能力下降,腾讯
出具虚假证明,昆明彝族
盈利能力下降,东吴证券
股票发行失败,伟邦科技
吊销资质牌照,寿仙谷
盈利能力下降,俄罗斯
高层变更,腾讯
高层变更,福建大学
吊销资质牌照,华为
资金紧张,海底科创支行
行业排名下降,天津队
被列为失信被执行人,法国
外部信用评级下调,PROgHoldings
高层变更,广州视睿电子科技有限公司
偿付能力不足,星闪
高层变更,尹弘
撤销任职资格,苏波
终身禁入行业,A
监管入驻,惠安县新时代文明实践中心
高层变更,惠安县
高层变更,白洋淀
网站安全漏洞,埃尔多安
监管入驻,鸣石投资
监管入驻,七星彩
盈利能力下降,金麒麟
股权融资失败,天弘基金
吊销资质牌照,Ace
资金紧张,正泰
网站安全漏洞,新疆送变电有限公司
网站安全漏洞,苹果
高层变更,鲁花
外部信用评级下调,威海君乐轮胎有限公司
资金紧张,成都中欧班列
关闭分支机构,青岛胶东国际机场
高层变更,吉林敖东
公司注销,克明食品
公司停牌,香港地铁
债务展期,巴林国际航空展
自然灾害,叶飘零
监管入驻,山西省肿瘤医院
监管入驻,多彩城
经营激进,高通
外部信用评级下调,黎明
网站安全漏洞,Soc
网站安全漏洞,谷歌
盈利能力下降,高鑫零售
被接管,陶陶居
监管入驻,大连长兴岛（西中岛）建设
高层变更,金黄果饮料
监管入驻,茂名日报社
公司违规关联交易,爱联科技
高层变更,中国电子科技集团有限公司
高层变更,福建
连续下跌,红海危机
出具虚假证明,中国中化桂林蓝宇公司
偿付能力不足,未来
监管入驻,小洋山
吊销资质牌照,南洋船舶
出具虚假证明,新智”号
破产清算,青烟威
重大安全事故,振华重装
偿付能力不足,中国船舶集团广西造船有限公司
出具虚假证明,特斯拉
网站安全漏洞,马家窑
偷税漏税,海南环岛旅游公路
员工罢工示威,广州鹰游体育发展有限公司
资金紧张,粤桂合作
高层变更,中远海运能源运输股份有限公司
重大安全事故,中船动力
出具虚假证明,中国船舶七一一所
网站安全漏洞,新新北极熊
重大债务到期,航运公司
高层变更,香港海运
吊销资质牌照,时代电船科技有限公司
吊销资质牌照,中燃远邦
业务/资产重组,海中远海运重工
出具虚假证明,长滩港
自然灾害,江苏新干线旅行社
自然灾害,长春山国际度假区
业务/资产重组,东和新材
高层变更,普拉博沃
产品虚假宣传,蓝色道旗
行业排名下降,比亚迪
停产停业,江汉油田
高层变更,三分之一
履行连带担保责任,江西嘉泰数控装备有限责任公司
资产冻结,ST丰润生物科技有限公司
财务报表更正,安胜科技
限制股东权利,金融
高层变更,特斯拉
高层变更,特斯拉
监管入驻,瑞明万佳家居建材广场
出具虚假证明,《STnova
监管入驻,中国音数协游戏博物馆
窃取别人商业机密,宠物
财务报表更正,蕲春海事
偷税漏税,沈家湾红菜薹
资金紧张,斯里兰卡
总部被警方调查,红庄小学
高层变更,南昌绿地缤纷城
高层变更,中国工程院
重大赔付,宾馆
高层变更,中国新疆
高层变更,中国新疆地区
高层变更,中国新疆
网站安全漏洞,塔克拉玛干
高层涉嫌违法,地方人大
外部信用评级下调,web运维
盈利能力下降,云智能
高层变更,深圳市哈博森科技有限公司
资金紧张,海豹
高层变更,苏家芬
重大安全事故,长征七号
总部被警方调查,合新高铁中铁七局
实际控制人涉诉仲裁,湖北回天新材料股份有限公司
更换基金经理,鹏华安惠混合A
更换基金经理,华安
盈利能力下降,Stratec经济学
财务信息造假,渤海证券
监管入驻,专精特新
监管入驻,大通湖
盈利能力下降,天美国
股东利益斗争,大地流彩
偿付能力不足,银发经济
非法集资,英伟达
监管入驻,庄房佳沃苹果基地
资金紧张,宝盖
窃取别人商业机密,淄博中晟化工有限公司
重大安全事故,文昌航天
总部被警方调查,广东珠海市
盈利能力下降,汽车
监管入驻,OPPO
资金紧张,迪士尼
盈利能力下降,贝特瑞
外部信用评级下调,瑞银
外部信用评级下调,瑞银
外部信用评级下调,瑞银
网站安全漏洞,欧特克有限公司
偿付能力不足,inSb
网站安全漏洞,OneWforMarine
出具虚假证明,金德尔摩根公司
被接管,和合期货
监管入驻,金华康恩贝
债务展期,亿航智能
税务非正常户,深圳市长青老龄大学
责令改正,古市镇
网站安全漏洞,天舟八号
盈利能力下降,趣睡科技
盈利能力下降,阿里巴巴集团
监管入驻,京津冀职业技术教育中心
总部被警方调查,北京市新能源货车
高层变更,淘天集团
高层变更,大众证券
澄清辟谣,中铁七局集团有限公司
业务/资产重组,沈阳经开区
外部信用评级下调,瑞银
外部信用评级下调,奥本海默
外部信用评级下调,瑞银
网站安全漏洞,JackintheBox
外部信用评级下调,瑞银
外部信用评级下调,喜达屋不动产信托有限公司
外部信用评级下调,瑞银
外部信用评级下调,瑞银
偷税漏税,香洲海关
业务/资产重组,千阳县
资金紧张,智利
业务/资产重组,智能工厂
高层变更,长江文化艺术
监管入驻,德胜学校
限制业务范围,广州牙雕
偷税漏税,中新社
裁员,猛龙
业务/资产重组,科威特
资金紧张,蔡司
总部被警方调查,南海网
吊销资质牌照,海师大
资金紧张,赛默飞
更换基金经理,天天基金
盈利能力下降,
盈利能力下降,精益运营
盈利能力下降,临床试验技术服务
资金紧张,猫三联苗
业务/资产重组,南大药业
盈利能力下降,东吴证券
盈利能力下降,开源证券
盈利能力下降,
关闭分支机构,中国家电
监管入驻,创新
重大债务到期,立新船舶
澄清辟谣,欧佩克
停产停业,科威特
资金紧张,小米汽车
高层失联/死亡,苹果
股票发行失败,高尔夫
股东利益斗争,中国女冰
停产停业,江西江新造船有限公司
出具虚假证明,兴通股份
盈利能力下降,MANEnergyHeliku
高层变更,马士基
偿付能力不足,海港保税
吊销资质牌照,日本
业务/资产重组,韩国现代重工
破产清算,欧佩克
高层涉嫌违法,nbspP#
连续下跌,乐天
停产停业,嘉信国际资源投资公司
网站安全漏洞,北方工业
资金紧张,西藏尼木霍德
资金紧张,山东能源集团新材料有限公司
退出市场,广州市粮食集团
业务/资产重组,乐趣
行业排名下降,新疆男篮
网站安全漏洞,昆仑山
行业排名下降,天津津门虎队
总部被警方调查,乐趣蓝
股东利益斗争,江苏淮安
总部被警方调查,北京理工大学
行业排名下降,阿拉松
网站安全漏洞,谷歌
总部被警方调查,无人机飞手
网站安全漏洞,阿克苏分公司
出具虚假证明,安顺蜡染
出具虚假证明,雅迪控股
自然灾害,雪雪
骗保,东阿阿胶股份有限公司
吊销资质牌照,阿里
高层涉嫌违法,哈里斯
监管入驻,兰石镇六庄村委会
资金紧张,乐趣
更换基金经理,银瑞信中证
更换基金经理,平安
更换基金经理,安信
总部被警方调查,明亚保险经纪股份有限公司
总部被警方调查,皖赣铁路安徽有限责任公司
实际控制人涉诉仲裁,聚光科技
总部被警方调查,高度
总部被警方调查,双泉嘉苑
窃取别人商业机密,剑川木雕
限制股东权利,九洲药业
高层变更,中信银行
窃取别人商业机密,天权星公司
股权融资失败,巴林
业务/资产重组,领克
出具虚假证明,中交二航局
审计师辞任,网易
外部信用评级下调,BeachbodyCo
外部信用评级下调,Foreverian
外部信用评级下调,OptYOzeritx
资金紧张,银华
资金紧张,养老金融
产品违约/不足额兑付,建信理财
第一大股东变化,吉利控股
盈利能力下降,河北车安新材科技有限公司
偷税漏税,李子柒
高层变更,亚太经合组织
员工罢工示威,巴林队
更换基金经理,汇添富纯
更换基金经理,金变
资金紧张,吉利
股票发行失败,新大材料
资金紧张,上海医药
高层变更,谷歌公司
高层变更,三服务
监管入驻,郴州卷烟厂
企业被问询约谈审查,泰和县苏溪镇中心小学
高层变更,洪阳诗词联学会
资金紧张,江西机电智造科学实验室
高层变更,瑞昌市乐园学校
资金紧张,修水县义宁镇南桥村
业务/资产重组,周油榨龙池塘
高层变更,滨州市
资金紧张,川投集团
外部信用评级下调,赣州华章
网站安全漏洞,现代汽车
高层变更,金顺财经
监管入驻,LEqHubi
公司停牌,澳大利亚
破产清算,中国新能源
高层变更,首都科技发展战略研究院
业务/资产重组,伊利现代智慧健康谷
监管入驻,滨州市沾化区
网站安全漏洞,大马士革
资金紧张,华安基金
高层变更,四川省乡村发展集团有限公司
总部被警方调查,微导纳米
偿付能力不足,2018年春季
自然灾害,明阳智能
行业排名下降,德梅托娃
债务重组,意志银行
连续下跌,德意志银行
出具虚假证明,深圳百合医院
高层变更,未来
自然灾害,新型旋耕机
资金紧张,苹果
偿付能力不足,五洲航运
业务/资产重组,长安汽车
业务/资产重组,交通银行重庆市分行
外部信用评级下调,富国银行
外部信用评级下调,塔吉特公司
外部信用评级下调,山脉资源
业务/资产重组,GEVernova
网站安全漏洞,OPPO
资金紧张,西南交通大学
吊销资质牌照,全国纯碱
业务/资产重组,McVF4
出具虚假证明,伊利
盈利能力下降,中国旺旺
澄清辟谣,中山市海峡
更换基金经理,中国长城集团股份有限公司
行业排名下降,航天通信
出具虚假证明,江苏南通羽绒
盈利能力下降,天宜上佳
盈利能力下降,安泰科
资金紧张,苏州工业园区
高层变更,塔沟武校
网站安全漏洞,斑马
出具虚假证明,小米
公司停牌,米家
警告,昆虫公司
盈利能力下降,劲仔食品
盈利能力下降,景谷林业
高层变更,裕廊集团
监管入驻,宁乡花猪
盈利能力下降,中国
资金紧张,中绿电
盈利能力下降,胜科纳米（苏）股份有限公司
资金紧张,城开高速
公司注销,同兴达
高层变更,德国
重大安全事故,同花顺财经
高层变更,同花顺财经
资金紧张,特朗普
盈利能力下降,中国动力煤
股东利益斗争,未来
行业排名下降,成都银杏网球
监管入驻,技工学校
高层变更,金砖
经营亏损,祖名股份
行业排名下降,华为
高层变更,前海开源基金
行业排名下降,华为
出具虚假证明,小米
网站安全漏洞,华为
高层变更,中国信息通信科技集团有限公司
资金紧张,中兴通讯
外部信用评级下调,加拿大皇家银行
外部信用评级下调,奥本海默
总部被警方调查,特朗普
监管入驻,中国男足
经营亏损,曼恩斯特
非法集资,江夏车光产业
重大安全事故,新泽西州
网站安全漏洞,愿美
网站安全漏洞,曼恩斯特
偷税漏税,EdYaeni
资金紧张,湖北中鑫科创股权投资基金
网站安全漏洞,巴加埃
实际控制人变更,益科瑞海
实际控制人变更,云汽配股份有限公司
高层变更,中天网
高层变更,云汽配股份有限公司
高层变更,潍柴动力股份有限公司
网站安全漏洞,麦琳
出具虚假证明,Ashley66
外部信用评级下调,查尔斯河
外部信用评级下调,莫尔森库尔斯酒业
外部信用评级下调,lanza#Global
外部信用评级下调,墨菲石油
网站安全漏洞,丰田
网站安全漏洞,意法半导体
网站安全漏洞,京东线
网站安全漏洞,射频
资金紧张,顺城
盗取隐私信息,苹果
网站安全漏洞,天津科技大学
监管入驻,帕格索斯
公司退市,ST九芝
外部信用评级下调,浙江嘉兴凤桥秀舟纸业
资金紧张,红岗花园
高层失联/死亡,银河娱乐
非法集资,德意志交易所
盈利能力下降,海博思创
资金紧张,未来
行业排名下降,东营
高层变更,国防科技工业
出具虚假证明,灯塔工厂
监管入驻,常州新能源
欠薪,燃煤发电
限制业务范围,苹果
高层变更,大金竹民族学校
监管入驻,新湾乡
产品虚假宣传,福建省公墓
高层变更,斯特凡尼克
资金紧张,中国科学院新疆生地所
资金紧张,发达国家
网站安全漏洞,苹果公司
外部信用评级下调,雷蒙德
外部信用评级下调,卡路美
偿付能力不足,RoyalGold
业务/资产重组,东营
高层变更,淮海大宗物资交易集散中心
业务/资产重组,商业航天
业务/资产重组,隆平高科
盈利能力下降,大额存单
资金紧张,青岛港
网站安全漏洞,双头
资金紧张,京东集团
高层变更,南京港
高层变更,哈尔滨
盈利能力下降,中航产融
盈利能力下降,盐田港
盈利能力下降,报喜鸟
经营激进,正泰电器
总部被警方调查,联合国
重大债务到期,广州天河
盈利能力下降,德邦股份
盈利能力下降,邮储银行
网站安全漏洞,荣耀
网站安全漏洞,苹果
停产停业,海油工程
欠薪,龙蟠科技
业务/资产重组,灵康药业
外部信用评级下调,天津忠旺铝业
高层变更,京清汽车产业园
高层变更,京津产业新城
业务/资产重组,中新天津生态城自贸联动创新局
重大债务到期,生态城
偿付能力不足,云力发电
业务/资产重组,天津市水产研究所
盈利能力下降,招商银行
盈利能力下降,雄帝科技
盈利能力下降,分众传媒
高层变更,招商蛇口
高层变更,双枪科技
重大安全事故,稻池村
偷税漏税,格隆汇
实际控制人变更,鸿林矿业
停产停业,富临精工
监管入驻,同花顺财经
资金紧张,德国
网站安全漏洞,极光x
外部信用评级下调,小摩
外部信用评级下调,小摩
网站安全漏洞,美国废物管理（m.US）公司
限制业务范围,艺康集团
外部信用评级下调,北大皇家银行
外部信用评级下调,泰尼特保健公司
非法集资,美国达尔令国际
高层变更,真主党
外部信用评级下调,小摩
监管入驻,清北
总部被警方调查,波特兰
监管入驻,华服
资金紧张,武汉市中小企业
实际控制人变更,苹果
资金紧张,商业银行
内幕交易,航天工业发展股份有限公司
审计师辞任,航天发展
公司退市,延华智能
财务信息造假,北方铜业
吊销资质牌照,卡菲拉尼
资金紧张,昊华科技
资金紧张,云科公司
第一大股东变化,苹果
盈利能力下降,申菱环境
盈利能力下降,盛来运
高层涉嫌违法,阿斯利康中国
出具虚假证明,黄金
盈利能力下降,美联储
偿付能力不足,云南昆游
业务/资产重组,虹软科技
产品违约/不足额兑付,皖维高新
资金紧张,广东移动
吊销资质牌照,皖维高新
外部信用评级下调,OceanfinrstFinancial
网站安全漏洞,Procoreprotagonist
停产停业,长沙供水公司
资金紧张,未来
责令改正,
高层变更,思南县合朋溪
员工罢工示威,傩公傩婆
外部信用评级下调,印江银辉茶叶有限责任公司
经营激进,人工智能
偿付能力不足,纽约联储
盈利能力下降,巴西央行
偷税漏税,北京
重大债务到期,成都语莱
高层变更,碧桂园
限制股东权利,碧桂园服务
高层变更,华为
资金紧张,亿邦原创
网站安全漏洞,iPhone
网站安全漏洞,华为
高层变更,华为
关闭分支机构,兰州广播电视台
经营激进,晶澳科技
税务非正常户,SAP
资金紧张,乐欣户外国际有限公司
偿付能力不足,盛科通信
限制业务范围,国信证券股份有限公司
偿付能力不足,信安世纪
网站安全漏洞,2018年11月18日
高层变更,杉杉股份
重大债务到期,成都豪能科技股份有限公司
高层变更,杉杉股份
高层变更,南京大学
信息泄露,苹果公司
偷税漏税,特朗普
总部被警方调查,我
重大债务到期,鲸鱼
偷税漏税,土耳其
经营亏损,小米集团
偷税漏税,北京市适用
监管入驻,内江绿能芯创电子科技有限公司
网站安全漏洞,华为
资金紧张,南都电源
资金紧张,春归保健科技有限公司
债务融资失败,纽约联储
业务/资产重组,美利肯公司
出具虚假证明,湖北良品铺子食品工业有限公司
关闭分支机构,海量资讯
资金紧张,义乌中欧班列
高层变更,赣州玛慕服装有限公司
业务/资产重组,未来
总部被警方调查,天懋
行业排名下降,太原
网站安全漏洞,小松机械制造（山东）有限公司
关闭分支机构,深铁路广东有限公司
高层变更,沈阳博物馆
总部被警方调查,广东
高层变更,长虹能源
盈利能力下降,常熟风范电力设备股份有限公司
高层变更,赛百味
经营激进,华住集团
出具虚假证明,长安汽车
经营亏损,湖北晶瑞
高层变更,华硕
网站安全漏洞,华为
自然灾害,快科技
盈利能力下降,洛图科技
外部信用评级下调,Shopfor
外部信用评级下调,西方石油公司
外部信用评级下调,达美航空
外部信用评级下调,戴文能源
财务信息造假,ST智知
高层变更,民族音乐
高层变更,华为
网站安全漏洞,黎巴嫩贝鲁特
资金紧张,樟树港辣椒
业务/资产重组,风力发电
网站安全漏洞,努瓦里
外部信用评级下调,花旗
总部被警方调查,巴里克黄金公司
网站安全漏洞,Ylight易来
网站安全漏洞,AI时代
资金紧张,欧派国际集团
高层变更,华泰柏瑞基金管理有限公司
高层变更,中国电影
高层变更,黄州团
高层失联/死亡,小舟
资金紧张,四川代表团
股票发行失败,诺诚健华
盗取隐私信息,乐趣
澄清辟谣,黎巴嫩
高层变更,华为
财务信息造假,华东政法大学国际金融法律学院
高层变更,珠海科技学院
资金紧张,博时基金基础设施
高层变更,四川路桥
监管入驻,横店东磁
监管入驻,协鑫能科
延期信息披露,内蒙古风渡新材料有限公司
出具虚假证明,中新社
资金紧张,华林证券
业务/资产重组,建发集团
出具虚假证明,大连旅顺滨海船舶修造有限公司
高层变更,川渝火锅
业务/资产重组,南兴果仁
业务/资产重组,中联重科
业务/资产重组,中电农创
延期信息披露,格隆汇
经营激进,宝山
资金紧张,紫金山
业务/资产重组,安顺市12345政务服务便民热线
网站安全漏洞,良渚古城
监管入驻,北京航空航天大学
监管入驻,大熊猫
偷税漏税,克而瑞
网站安全漏洞,天津市大学生
监管入驻,羊肚菌
总部被警方调查,牧渔人家
禁入行业,中塞友好
非法集资,
网站安全漏洞,广东廉江市越众电器有限公司
高层变更,秘鲁利马
业务/资产重组,海南省
偿付能力不足,领展基金
资金紧张,大米
偿付能力不足,花开电站
自然灾害,特朗普
高层变更,锐明技术
盈利能力下降,印度
重大安全事故,2018年10万条航空轮胎
退出市场,远洋集团
偷税漏税,桑田科学岛
网站安全漏洞,腾讯
网站安全漏洞,磐镭
监管入驻,广东省食品工业研究所有限公司
总部被警方调查,八面山
业务/资产重组,海通证券
高层变更,艾森股份
偷税漏税,中国电动汽车
吊销资质牌照,海河
网站安全漏洞,以军
澄清辟谣,卡桑旅
总部被警方调查,黎巴嫩
财务信息造假,草台班子
重大安全事故,以军
裁员,大众汽车
网站安全漏洞,苹果
业务/资产重组,人工智能
资金紧张,搜狐
关闭分支机构,泡泡玛特
高层失联/死亡,黎巴嫩
总部被警方调查,巴勒斯坦伊斯兰抵抗运动
网站安全漏洞,以色列
股东利益斗争,法希尔
关闭分支机构,BeautyChoice
资金紧张,蜜蜂科技
债务重组,格力地产
高层变更,未来将连通台湖演艺小镇
资金紧张,可信数据
监管入驻,中医外治
重大安全事故,川崎汽船
吊销资质牌照,皇家园林
总部被警方调查,虹口
限制业务范围,清朗
出具虚假证明,英国
股票发行失败,咪咕体育
重大安全事故,船用立式磁力泵
资金紧张,沪东中华造船（集团）有限公司
行业排名下降,惠生清洁能源
出具虚假证明,中信金租
业务/资产重组,中远海运重工
停产停业,日本商船三井公司
员工罢工示威,长滩港
网站安全漏洞,新华社
经营激进,江苏交易团
监管入驻,进博会
终身禁入行业,四环生物
高层变更,神州数码系统集成服务有限公司
实际控制人失联/死亡,杉杉集团
高层变更,华海智汇技术有限公司
高层变更,ST天喻
盈利能力下降,平高电气
重大安全事故,新能源
网站安全漏洞,大众
监管入驻,波士顿科学
总部被警方调查,人民银行
行业排名下降,家电家居
高层变更,未来
资金紧张,国家开发银行
外部信用评级下调,小摩
外部信用评级下调,eBay
监管入驻,繁德信息技术
外部信用评级下调,Verrica制药
欠薪,ArmadaHolerprotagonistties
偿付能力不足,未来
监管入驻,中医理疗推拿
网站安全漏洞,苹果
自然灾害,沈阳
股东利益斗争,狗狗币
澄清辟谣,高途佳品
高层变更,商务部服贸司
资金紧张,中储发展股份有限公司
高层变更,西门子医疗
资金紧张,小米汽车
网站安全漏洞,苹果
资金紧张,云学堂
资金紧张,绿城
盈利能力下降,乐趣
外部信用评级下调,
非法集资,鼎益丰
资金紧张,中国铁路广州局集团公司
高层变更,狗狗币
高层变更,格力电器
盈利能力下降,中国国贸
高层变更,红星美凯龙家居
经营激进,上海跨境电商
资金紧张,未来
监管入驻,逸飞激光
盈利能力下降,西部牧业
网站安全漏洞,OpenAI
业务/资产重组,工商银行
高层变更,中非
裁员,加之
重大安全事故,埃利省伊兹米特一炼油厂
监管入驻,深海空天开发
外部信用评级下调,netstreit
外部信用评级下调,凌云半导体
外部信用评级下调,马斯可公司
外部信用评级下调,小摩
外部信用评级下调,Realtyincome
吊销资质牌照,豪洛捷
外部信用评级下调,万国半导体有限公司
资金紧张,中新社
连续下跌,美油
资金紧张,小米有品
盈利能力下降,老凤祥
资金紧张,#&#
债务展期,盛期
高层变更,可转换公司
非法集资,corole
盈利能力下降,欧佩克
高层变更,中材科技股份有限公司
高层变更,德才股份
资金紧张,未来
监管入驻,康泰智能
高层变更,朝鲜外务
盈利能力下降,中国商飞
监管入驻,康塞科
外部信用评级下调,卡姆登物业信托
外部信用评级下调,TEex
外部信用评级下调,瑞银
出具虚假证明,卡特彼勒公司
资金紧张,黑崎资本
业务/资产重组,创新驱动型
盈利能力下降,
资金紧张,星巴克
高层变更,资生堂集团
资金紧张,九丰能源
网站安全漏洞,瑞可达
监管入驻,十八洞山地越野挑战赛
出具虚假证明,红叶大峡谷
基层员工流失,拜耳影像
高层变更,缅甸旅游和饭店业
重大赔付,4S店
高层变更,东南大学科研院
监管入驻,丹麦
网站安全漏洞,高山蔬菜
监管入驻,星火”创新创意大赛
高层变更,美光
外部信用评级下调,查特工业
外部信用评级下调,瑞银
外部信用评级下调,ScottsrAcro
外部信用评级下调,ArHub
资金紧张,Superli's
外部信用评级下调,房地产集团
非法集资,信息
经营激进,科技创新
出具虚假证明,明阳智能
偿付能力不足,国家电投
高层变更,国家能源集团
出具虚假证明,中山嘉明电力有限公司
出具虚假证明,海澜之家
资金紧张,山西工业
高层变更,万里长江
偿付能力不足,阿维塔12
重大安全事故,神舟十八号
高层失联/死亡,中山一院
总部被警方调查,中东国家
资金紧张,站西鞋业
股票发行失败,广东广州豹
财务信息造假,思美传媒
高层变更,广东新快报社
高层变更,爱茉莉太中国
网站安全漏洞,西村街道
